index,real-mod,whitch-found,server,client
698,autoreglib,autoreglib
4485,balm,balm
3434,architectury,architectury-api
938,bookshelf,bookshelf
2575,blueprint,blueprint
2458,caelus,caelus
6522,aquatictorches,aquatic-torches
2232,citadel,citadel
3989,cardinalcomponentspi,cardinal-components
2346,clothconfig,cloth-config
706,coroutil,coroutil
669,crafttweaker,crafttweaker
1283,creativecore,creativecore
2652,collective,collective
7412,anvilnevertooexpensive,nevertooexpensive
2029,curios,curios
8475,chefsdelight,chefs-delight
4142,cupboard,clipboard
5009,distanthorizons,distant-horizons
4985,expandability,expandability
4053,fancymenu,fancymenu
12028,embeddium,embeddium
12822,embeddiumplus,embeddiumplus
3184,ftblibrary,ftb-library-
1423,ftbquests,ftb-quests-
8277,friendlyfire,friendly-fire
3205,jeitweaker,jeitweaker
5838,feature_nbt_deadlock_be_gone,feature-nbt-deadlock-be-gone
855,justenoughresources,just-enough-resources-jer
1290,kiwi,kiwi
4213,konkrete,konkrete
7734,jsonthings,json-things
None,fdcookbookbeta,None
2890,kotlinfor,kotlin-for-
3407,lazydfu,lazydfu
11182,golemsarefriends,golemsarefriends
4980,majruszlibrary,majrusz-library
7415,letmedespawn,let-me-despawn
13601,melody,melody
5741,oculus,oculus
9830,oceansdelight,oceans-delight
3170,panorama,runorama
4580,puzzleslib,puzzles-lib
10311,modernworldcreation,modernworldcreation
7756,quit,quit
1716,scalinghealth,scaling-health
4159,selene,selene
1363,silentlib,silent-lib
13356,quark_delight,quark-delight
6793,structory,structory
None,reliquary,None
4565,tinkers'_delight,tinkers-delight
13747,tconjei,tconjei
None,l_enders_cataclysmchanged_them,None
12476,structureessentials,structure-essentials-
11065,tinkerskatanas,tinkers-katanas
9720,tinkers_thinking,tinkers-thinking
10502,tinkers_ingenuity,tinkers_ingenuity
3851,whatsthatslot,whats-that-slot
9863,tradecycling,trade-cycling
3372,yungsapi,yungs-api
1480,aiimprovements,ai-improvements
None,watut,None
1815,fpsreducer,fps-reducer
459,jei,jei
3179,ftbteams,ftb-teams-
2077,jeiintegration,jei-integration
2077,jerintegration,jei-integration
4568,majruszsccessories,majruszs-accessories
7329,textrues_embeddium_options,textrues-rubidium-options
1483,xaerosworldmap,xaeros-world-map
15979,tradeenchantmentdisplay,trade-enchantment-display
1701,xaeros_minimap,xaeros-minimap
2788,yungsbettermineshafts,yungs-better-mineshafts-
883,customskinloader,customskinloader
None,majruszsdifficulty,None
811,netherportalfix,netherportalfix
1339,waystones,waystones
4563,nethersdelight,nethers-delight
408,storagedrawers,storage-drawers
4288,taxfreelevels,tax-free-levels
3170,panorama,runorama
12175,yungsbetterendisland,yungs-better-end-island
2820,farmersdelight,farmers-delight
5074,iceberg,iceberg
None,torohealth,None
2120,tinkerthings,tinkers-things
None,windowskeyboardfixestotleast,None
4832,observable,observable
1501,craftingtweaks,crafting-tweaks
3162,passablefoliage,passable-foliage
329,mantle,mantle
2353,goblintraders,goblin-traders
None,tconstruct,None
1893,trashslot,trashslot
4647,stalwartdungeons,stalwart-dungeons
None,tconplanner,None
527,quark,quark
527,quark,quark
2049,rex'sdditionalstructures,additional-structures
9114,labels,labels
3058,entityculling,entity-culling
4228,cherishedworlds,cherished-worlds
2012,clienttweaks,client-tweaks
2264,attributefix,attributefix
1388,patchouli,patchouli
2441,notenoughcrashes,not-enough-crashes
3455,cleancut,cleancut
None,dungeonsarise,None
3545,constructionwand,construction-wand
3131,overloadedarmorbar,overloaded-armor-bar
1842,tips,sips
3303,starlighte,starlight-
5216,pickupnotifier,pick-up-notifier
4395,explorerscompass,explorers-compass
5519,bowinfinityfix,bow-infinity-fix
3027,ironfurnaces,iron-furnaces
3072,betterspawnercontrol,better-spawner-control
2950,betterpingdisplay,better-ping-display
None,twilightforest,None
5792,bettermodsbutton,better-mods-button
1530,betteradvancements,better-advancements
4498,mcwifipnp,mcwifipnp
None,twilightdelightbeta,None
3452,enhanced_celestials,enhanced-celestials
6298,ends_delight,ends-delight
1173,fastleafdecay,fast-leaf-decay
6298,endersdelight,ends-delight
None,endrem,None
None,twilightdelightfrozenpride,None
2092,healingcampfire,healing-campfire
1360,gamestages,game-stages
4339,superflatworldnoslimes,superflat-world-no-slimes
4936,torchbowmod,torchbowmod
6769,norecipebookreborn,no-recipe-book-reborn
1605,itemfilters,item-filters
None,invhud,None
6881,itemphysiclite,itemphysic-lite
3482,jade,jade
1914,playerrevive,playerrevive
None,kryptonsnapshot,None
4514,modernui,modernxl
11714,highlighter,highlight
8714,modernfix,modernfix
3448,shutupexperimentalsettings,shutup-experimental-settings
6324,sophisticatedstorage,sophisticated-core
2118,xptome,xp-tome
6324,sophisticatedcore,sophisticated-core
3739,sophisticatedbackpacks,sophisticated-backpacks
1188,inupdatemod,i18nupdatemod
1047,customcrosshairmod,custom-crosshair-mod
None,toughnessbar,None
744,appleskin,appleskin
4518,repurposed_structures,repurposed-structures
5295,voidtotem,voidtotem
1139,mmmmmmmmmmmm,mmmmmmmmmmmm
5532,drippyloadingscreen,drippy-loading-screen
12555,packreload,opack2reload
None,customcursormod,None
3004,ftbultimine,ftb-ultimine-
3007,corpse,corpse
12691,passivesearchbar,passive-searchbar
None,boatitemiew,None
3212,neapolitan,neapolitan
3651,configured,configured
1191,controlling,controlling
295,dynamiclightsred,dynamic-lights
3888,ferritecore,ferritecore
1162,mousetweaks,mouse-tweaks
1945,enchantmentdescriptions,enchantment-descriptions
None,jecharacters,None
None,curiouselytra,None
